City_ID,City,Country,Lat,Lng,Max Temp,Humidity,Cloudiness,Wind Speed,Current Description
0,Dikson,RU,73.5069,80.5464,2.32,94,100,21.65,overcast clouds
1,Port Alfred,ZA,-33.5906,26.891,66.18,82,85,4.0,overcast clouds
2,Khatanga,RU,71.9667,102.5,-11.27,97,100,13.87,overcast clouds
3,Ushuaia,AR,-54.8,-68.3,56.82,71,75,4.61,broken clouds
4,Tiksi,RU,71.6872,128.8694,-10.84,91,100,13.96,overcast clouds
5,Bambous Virieux,MU,-20.3428,57.7575,73.65,60,40,12.66,scattered clouds
6,Clyde River,CA,70.4692,-68.5914,-5.57,84,0,16.11,clear sky
7,Pocone,BR,-16.2567,-56.6228,72.34,91,83,10.58,broken clouds
8,Helena,US,46.5927,-112.0361,36.25,79,99,1.01,overcast clouds
9,Olafsvik,IS,64.8945,-23.7142,44.71,78,71,7.52,broken clouds
10,Rikitea,PF,-23.1203,-134.9692,74.7,81,100,14.16,light rain
11,Hofn,IS,64.2539,-15.2082,45.3,89,100,15.84,overcast clouds
12,Kapaa,US,22.0752,-159.319,80.19,73,5,4.0,clear sky
13,Yellowknife,CA,62.456,-114.3525,23.56,100,100,13.8,overcast clouds
14,Saint-Augustin,CA,51.226,-58.6502,28.2,94,100,19.89,snow
15,Bluff,NZ,-46.6,168.3333,62.26,59,72,11.36,broken clouds
16,San Patricio,US,28.017,-97.5169,66.07,85,98,16.75,overcast clouds
17,Bredasdorp,ZA,-34.5322,20.0403,61.25,76,100,4.21,overcast clouds
18,Comodoro Rivadavia,AR,-45.8667,-67.5,76.86,23,20,24.16,few clouds
19,Avarua,CK,-21.2078,-159.775,77.05,53,54,13.8,broken clouds
20,Chokurdakh,RU,70.6333,147.9167,-14.49,98,100,9.95,overcast clouds
21,Airai,TL,-8.9266,125.4092,67.64,69,60,1.36,broken clouds
22,Geraldton,AU,-28.7667,114.6,70.21,30,0,19.57,clear sky
23,Esperance,AU,-33.8667,121.9,57.72,74,56,11.81,broken clouds
24,Atuona,PF,-9.8,-139.0333,77.79,77,27,18.25,scattered clouds
25,Qaanaaq,GL,77.484,-69.3632,-4.14,71,6,5.64,clear sky
26,Padang,ID,-0.9492,100.3543,74.82,93,100,3.83,moderate rain
27,Sydney,AU,-33.8679,151.2073,73.58,55,4,5.99,clear sky
28,Punta Arenas,CL,-53.15,-70.9167,57.31,58,75,8.05,broken clouds
29,Faanui,PF,-16.4833,-151.75,78.73,78,99,8.86,overcast clouds
30,Itarema,BR,-2.9248,-39.9167,79.74,78,60,14.63,broken clouds
31,Nioro,GM,13.35,-15.75,77.14,68,95,6.08,overcast clouds
32,Bolton,GB,53.5833,-2.4333,52.81,92,99,3.0,overcast clouds
33,Labuan,MY,5.2767,115.2417,77.36,94,20,0.0,few clouds
34,Nome,US,64.5011,-165.4064,9.16,87,25,3.91,scattered clouds
35,Santa Rosa,PH,14.3122,121.1114,80.58,93,91,8.55,overcast clouds
36,Chapais,CA,49.7834,-74.8492,22.78,95,100,6.67,light snow
37,Ahipara,NZ,-35.1667,173.1667,69.76,63,16,9.08,few clouds
38,Carnarvon,AU,-24.8667,113.6333,73.71,43,0,14.0,clear sky
39,Hobart,AU,-42.8794,147.3294,46.26,92,100,14.97,light rain
40,Panjakent,TJ,39.4952,67.6093,44.08,46,100,6.85,overcast clouds
41,Lompoc,US,34.6391,-120.4579,64.85,60,0,3.0,clear sky
42,Castro,BR,-24.7911,-50.0119,64.08,92,98,5.19,overcast clouds
43,Saint-Philippe,RE,-21.3585,55.7679,69.39,63,70,14.18,broken clouds
44,Batemans Bay,AU,-35.7167,150.1833,64.09,68,51,8.3,broken clouds
45,Albany,US,42.6001,-73.9662,35.64,59,8,1.99,clear sky
46,Codrington,AU,-38.2667,141.9667,49.33,74,100,17.9,overcast clouds
47,Cape Town,ZA,-33.9258,18.4232,64.09,67,0,4.61,clear sky
48,Constitucion,CL,-35.3333,-72.4167,61.72,76,7,14.43,clear sky
49,Igdir,TR,39.9237,44.045,33.73,57,7,4.81,clear sky
50,Kaminskiy,RU,57.1516,41.4732,27.82,81,20,11.27,few clouds
51,Cherskiy,RU,68.75,161.3,-26.54,100,96,3.4,overcast clouds
52,Mataura,NZ,-46.1927,168.8643,69.6,44,36,3.89,scattered clouds
53,Shingu,JP,33.7333,135.9833,53.91,68,71,5.19,broken clouds
54,Guadalajara,MX,20.6667,-103.3333,75.97,40,100,3.0,overcast clouds
55,Naryan-Mar,RU,67.6713,53.087,4.05,99,88,2.93,overcast clouds
56,Tahta,EG,26.7693,31.5021,65.28,53,0,9.13,clear sky
57,Wattegama,LK,6.7989,81.4808,71.87,92,100,1.99,overcast clouds
58,Busselton,AU,-33.65,115.3333,56.95,67,0,12.21,clear sky
59,Iralaya,HN,15.0,-83.2333,79.7,84,79,9.28,light rain
60,Guerrero Negro,MX,27.9769,-114.0611,70.11,37,91,8.99,overcast clouds
61,Port-Gentil,GA,-0.7193,8.7815,78.76,89,40,5.75,scattered clouds
62,Gat,IL,31.61,34.7642,67.41,100,11,2.93,few clouds
63,Hilo,US,19.7297,-155.09,79.25,82,47,5.01,scattered clouds
64,Olot,ES,42.181,2.4901,57.81,68,100,4.12,overcast clouds
65,Ahuimanu,US,21.4447,-157.8378,83.75,67,4,5.99,clear sky
66,Boende,CD,-0.2167,20.8667,70.38,96,75,1.12,light rain
67,Puerto Ayora,EC,-0.7393,-90.3518,71.55,82,43,7.0,scattered clouds
68,Laguna,US,38.421,-121.4238,63.05,49,0,9.22,clear sky
69,Butaritari,KI,3.0707,172.7902,80.15,81,72,9.78,broken clouds
70,Vaini,TO,-21.2,-175.2,77.32,80,100,5.59,overcast clouds
71,Miraflores,MX,19.2167,-98.8083,75.87,52,22,4.32,few clouds
72,Barrow,US,71.2906,-156.7887,10.42,79,100,18.41,overcast clouds
73,Munich,DE,48.1374,11.5755,41.65,96,39,5.12,scattered clouds
74,Bethel,US,41.3712,-73.414,39.65,62,3,3.44,clear sky
75,Kribi,CM,2.95,9.9167,78.3,87,98,6.04,overcast clouds
76,Jamestown,US,42.097,-79.2353,34.02,67,94,3.0,overcast clouds
77,Sao Felix Do Xingu,BR,-6.6447,-51.995,73.99,95,97,2.44,very heavy rain
78,Hermanus,ZA,-34.4187,19.2345,56.8,72,93,5.75,overcast clouds
79,Acapulco,MX,16.8634,-99.8901,82.44,77,45,7.87,scattered clouds
80,Dingle,PH,10.9995,122.6711,78.22,90,100,6.31,overcast clouds
81,Businga,CD,3.3333,20.8833,71.73,89,45,0.85,scattered clouds
82,Maceio,BR,-9.6658,-35.7353,76.44,88,0,5.75,clear sky
83,Vardo,NO,70.3705,31.1107,30.18,86,92,6.91,overcast clouds
84,East London,ZA,-33.0153,27.9116,65.86,77,70,18.95,broken clouds
85,Ilulissat,GL,69.2167,-51.1,13.39,89,92,7.9,overcast clouds
86,Lasa,IT,46.6166,10.7002,36.01,85,39,0.63,scattered clouds
87,Kinkala,CG,-4.3614,14.7644,69.33,93,96,3.65,overcast clouds
88,Victoria,HK,22.2855,114.1577,75.38,81,100,5.01,overcast clouds
89,Lata,PT,40.1629,-8.3327,58.91,95,100,6.13,overcast clouds
90,Port Lincoln,AU,-34.7333,135.8667,54.01,58,99,12.03,overcast clouds
91,Chortomlyk,UA,47.6232,34.142,39.34,76,24,7.29,few clouds
92,Kushiro,JP,42.975,144.3747,38.34,64,100,4.12,overcast clouds
93,Herat,AF,34.5,62.0,47.79,39,0,6.02,clear sky
94,Tommot,RU,58.9564,126.2925,-35.3,100,62,0.65,broken clouds
95,Sandnessjoen,NO,66.0217,12.6316,34.32,68,2,11.99,clear sky
96,Skjervoy,NO,70.0311,20.9714,37.4,68,100,8.19,overcast clouds
97,Zaranj,AF,30.9667,61.8833,57.51,30,15,6.76,few clouds
98,Katsuura,JP,35.1333,140.3,53.62,85,100,15.82,overcast clouds
99,Hobyo,SO,5.3505,48.5268,79.52,74,6,12.64,clear sky
100,Longyearbyen,SJ,78.2186,15.6401,28.24,80,40,21.85,scattered clouds
101,Sampang,ID,-7.1872,113.2394,80.71,80,100,1.92,light rain
102,Saint Andrews,US,34.0454,-81.1293,51.89,63,38,6.8,scattered clouds
103,Saint-Francois,FR,46.4154,3.9054,51.24,100,100,3.44,overcast clouds
104,Whitehorse,CA,60.7161,-135.0538,41.77,60,100,2.3,overcast clouds
105,Mar Del Plata,AR,-38.0023,-57.5575,59.09,98,100,20.0,drizzle
106,Port Elizabeth,ZA,-33.918,25.5701,66.09,82,0,13.8,clear sky
107,Kirensk,RU,57.7853,108.1119,-1.08,100,95,3.22,overcast clouds
108,Kysyl-Syr,RU,63.8986,122.7617,-32.84,100,70,3.53,broken clouds
109,Tasiilaq,GL,65.6145,-37.6368,33.96,97,100,6.06,light snow
110,Asfi,MA,32.2994,-9.2372,67.35,69,35,7.14,scattered clouds
111,Jiexiu,CN,37.0244,111.9125,42.12,40,0,5.08,clear sky
112,Agadez,NE,19.75,10.25,63.72,22,3,11.1,clear sky
113,Namibe,AO,-15.1961,12.1522,65.3,81,6,9.06,clear sky
114,Altay,CN,47.8667,88.1167,28.02,40,49,7.0,scattered clouds
115,Rawson,AR,-43.3002,-65.1023,72.97,35,13,3.22,few clouds
116,Provideniya,RU,64.3833,-173.3,28.51,59,100,13.42,overcast clouds
117,Pisco,PE,-13.7,-76.2167,65.01,81,12,6.08,few clouds
118,San Andres,CO,12.5847,-81.7006,83.32,76,79,19.8,light rain
119,Ndola,ZM,-12.9587,28.6366,61.63,97,98,3.09,moderate rain
120,Srednekolymsk,RU,67.45,153.6833,-30.5,97,39,6.71,scattered clouds
121,Katherine,AU,-14.4667,132.2667,79.12,89,40,9.22,scattered clouds
122,Punta Alta,AR,-38.8759,-62.0736,62.62,67,12,8.81,few clouds
123,Yulara,AU,-25.2406,130.9889,69.53,26,0,19.39,clear sky
124,Maniitsoq,GL,65.4167,-52.9,27.54,91,100,21.07,light snow
125,Naze,JP,28.3667,129.4833,65.28,71,75,11.41,broken clouds
126,Chicama,PE,-7.8447,-79.1469,67.03,75,26,8.12,scattered clouds
127,Deputatskiy,RU,69.3,139.9,-26.43,97,96,5.7,overcast clouds
128,Volga,RU,57.9516,38.3879,28.02,74,13,5.26,few clouds
129,Hervey Bay,AU,-25.2986,152.8535,76.3,71,3,3.62,clear sky
130,Cidreira,BR,-30.1811,-50.2056,69.42,75,19,4.29,few clouds
131,Elban,RU,50.1018,136.5094,17.29,89,7,1.59,clear sky
132,Oriximina,BR,-1.7656,-55.8661,83.98,58,37,3.33,scattered clouds
133,Kisangani,CD,0.5167,25.2,69.17,99,92,1.88,light rain
134,Thayetmyo,MM,19.3167,95.1833,66.43,76,87,4.32,overcast clouds
135,Kinango,KE,-4.1372,39.3153,71.35,92,52,0.56,broken clouds
136,Bheramara,BD,24.0232,88.9925,65.08,74,1,5.32,clear sky
137,Chuy,UY,-33.6971,-53.4616,61.21,97,96,9.57,overcast clouds
138,Alice Springs,AU,-23.7,133.8833,69.35,35,4,14.97,clear sky
139,Chinsali,ZM,-10.5414,32.0816,68.85,63,89,3.04,overcast clouds
140,Jablah,SY,35.3614,35.9256,67.87,54,1,3.94,clear sky
141,Vila Velha,BR,-20.3297,-40.2925,76.95,90,86,7.0,overcast clouds
142,Ust-Kuyga,RU,70.0167,135.6,-14.19,98,100,6.55,overcast clouds
143,Phan Thiet,VN,10.9333,108.1,75.36,80,86,3.4,overcast clouds
144,Palmer,US,42.1584,-72.3287,37.51,58,0,0.0,clear sky
145,Saskylakh,RU,71.9167,114.0833,-15.65,92,98,6.04,overcast clouds
146,Waingapu,ID,-9.6567,120.2641,81.9,76,66,2.53,broken clouds
147,Aksu,CN,41.1231,80.2644,34.27,51,10,3.53,clear sky
148,Antibes,FR,43.5624,7.1278,58.14,86,75,5.75,light rain
149,Kathmandu,NP,27.7167,85.3167,52.02,93,20,0.0,mist
150,Polson,US,47.6936,-114.1632,27.77,93,87,2.19,overcast clouds
151,Garissa,KE,-0.4536,39.6401,76.08,81,99,12.86,light rain
152,Sabaudia,IT,41.3003,13.0282,57.47,78,27,2.57,scattered clouds
153,Manthani,IN,18.65,79.6667,61.66,64,4,3.04,clear sky
154,Tuktoyaktuk,CA,69.4541,-133.0374,15.49,94,100,16.37,light snow
155,Puerto Lleras,CO,3.0223,-73.4044,74.55,94,84,2.44,broken clouds
156,La Paz,BO,-16.5,-68.15,60.78,35,20,13.8,few clouds
157,Macroom,IE,51.9,-8.95,50.07,85,96,17.65,overcast clouds
158,Amapa,BR,1.0,-52.0,77.97,77,81,3.49,broken clouds
159,Eirunepe,BR,-6.6603,-69.8736,76.77,88,99,0.81,moderate rain
160,Chubbuck,US,42.9208,-112.4661,30.09,83,20,5.99,few clouds
161,Madang,PG,-5.2246,145.7966,82.85,71,83,1.68,broken clouds
162,Qitaihe,CN,45.8,130.85,21.31,91,99,1.19,overcast clouds
163,Kazerun,IR,29.6195,51.6541,61.32,42,0,1.66,clear sky
164,Brae,GB,60.3964,-1.353,51.44,85,100,28.34,overcast clouds
165,Hasaki,JP,35.7333,140.8333,52.29,83,100,17.6,light rain
166,Saldanha,ZA,-33.0117,17.9442,61.16,86,82,7.05,broken clouds
167,Bolkhov,RU,53.4433,36.0044,28.35,74,9,3.87,clear sky
168,Yeppoon,AU,-23.1333,150.7333,82.18,62,0,2.51,clear sky
169,Buala,SB,-8.145,159.5921,84.47,66,69,5.17,broken clouds
170,Klaksvik,FO,62.2266,-6.589,49.12,89,100,30.87,light rain
171,Novopavlovka,RU,51.2172,109.2091,14.13,91,99,2.51,overcast clouds
172,Kodiak,US,57.79,-152.4072,33.31,86,0,4.61,clear sky
173,Sao Filipe,CV,14.8961,-24.4956,75.78,72,65,11.18,broken clouds
174,Lebu,CL,-37.6167,-73.65,58.5,85,79,4.21,broken clouds
175,Canavieiras,BR,-15.675,-38.9472,76.82,89,62,8.66,broken clouds
176,Ponta Delgada,PT,37.7333,-25.6667,66.92,94,75,9.22,broken clouds
177,San Luis,AR,-33.295,-66.3356,71.2,28,0,7.81,clear sky
178,Ondjiva,AO,-17.0667,15.7333,75.36,13,8,6.73,clear sky
179,Nishihara,JP,26.1842,127.7558,71.26,73,40,9.22,scattered clouds
180,Bulnes,CL,-36.7423,-72.2985,72.36,53,49,10.07,scattered clouds
181,Nanortalik,GL,60.1432,-45.2371,30.76,91,99,9.8,overcast clouds
182,Aklavik,CA,68.2191,-135.0107,17.26,92,100,19.6,light snow
183,Pervomayskoye,RU,43.919,46.7102,40.39,69,4,8.34,clear sky
184,Winslow,US,35.0242,-110.6974,50.18,29,0,4.61,clear sky
185,Byron Bay,AU,-28.65,153.6167,78.71,44,1,5.66,clear sky
186,Goderich,CA,43.7501,-81.7165,32.92,67,100,5.01,overcast clouds
187,Sakakah,SA,29.9697,40.2064,64.69,75,89,9.93,overcast clouds
188,New Norfolk,AU,-42.7826,147.0587,45.9,84,100,4.0,light rain
189,Flin Flon,CA,54.7682,-101.865,10.31,95,53,2.48,broken clouds
190,Sortland,NO,68.6949,15.4162,37.38,79,77,4.79,broken clouds
191,Kambam,ID,5.2505,96.8629,77.22,86,100,5.59,moderate rain
192,Dabat,ET,12.9842,37.765,53.69,64,60,1.05,broken clouds
193,Lengshuitan,CN,26.4111,111.5956,52.52,79,100,3.36,overcast clouds
194,Liverpool,GB,53.4106,-2.9779,50.54,89,20,6.91,few clouds
195,Samarai,PG,-10.6167,150.6667,84.2,72,86,7.63,overcast clouds
196,Chirongui,YT,-12.9319,45.1483,78.73,82,2,8.77,clear sky
197,Srandakan,ID,-7.9386,110.2506,75.74,88,100,2.42,overcast clouds
198,Mahebourg,MU,-20.4081,57.7,71.26,62,87,15.23,overcast clouds
199,Krasnyy Klyuch,RU,55.3863,56.6529,22.86,91,100,9.28,light snow
200,Nelson Bay,AU,-32.7167,152.15,73.11,58,6,8.99,clear sky
201,Palmas Bellas,PA,9.2319,-80.0867,79.25,95,100,3.47,moderate rain
202,Kavieng,PG,-2.5744,150.7967,84.67,68,99,12.1,overcast clouds
203,Biak,ID,-0.9131,122.8766,79.65,74,100,2.06,overcast clouds
204,Los Llanos De Aridane,ES,28.6585,-17.9182,69.12,35,0,10.0,clear sky
205,Amurzet,RU,47.6967,131.0981,22.39,52,55,3.98,broken clouds
206,Daru,PG,-9.0763,143.2092,82.02,79,100,4.0,overcast clouds
207,Jining,CN,35.405,116.5814,40.78,67,9,5.28,clear sky
208,Curumani,CO,9.1999,-73.5427,76.06,96,63,1.77,broken clouds
209,Elesbao Veloso,BR,-6.2019,-42.1403,81.99,58,70,3.0,broken clouds
210,Bhinmal,IN,25.0,72.25,69.58,40,0,2.98,clear sky
211,Caravelas,BR,-17.7125,-39.2481,76.68,88,24,11.3,few clouds
212,Vao,NC,-22.6667,167.4833,74.61,73,47,5.95,scattered clouds
213,Cordoba,AR,-31.4135,-64.1811,75.42,35,0,4.61,clear sky
214,Arraial Do Cabo,BR,-22.9661,-42.0278,78.66,83,40,13.8,thunderstorm
215,Hithadhoo,MV,-0.6,73.0833,81.86,75,100,16.64,overcast clouds
216,Bandarbeyla,SO,9.4942,50.8122,78.1,71,1,13.94,clear sky
217,Venezuela,VE,8.0,-66.0,83.84,64,96,8.34,overcast clouds
218,Bilma,NE,18.6853,12.9164,68.29,22,1,8.16,clear sky
219,Kismayo,SO,-0.3582,42.5454,78.21,83,90,7.2,light rain
220,Sangin,AF,32.0728,64.8359,48.67,42,0,2.68,clear sky
221,Sinnamary,GF,5.3833,-52.95,79.43,86,24,12.08,few clouds
222,Corner Brook,CA,48.9667,-57.9484,35.51,98,100,2.68,light rain
223,Upernavik,GL,72.7868,-56.1549,22.39,88,100,20.13,overcast clouds
224,Bellavista,PE,-7.0561,-76.5911,78.69,78,94,1.66,overcast clouds
225,Komsomolskiy,UZ,40.4272,71.7189,39.92,81,51,6.91,mist
226,Salinas,US,36.6777,-121.6555,65.01,55,0,10.36,clear sky
227,Hami,CN,42.8,93.45,33.55,48,100,2.1,overcast clouds
228,Baykit,RU,61.67,96.37,-6.02,98,98,4.34,overcast clouds
229,Torbay,CA,47.6666,-52.7314,46.76,92,75,20.71,broken clouds
230,Nyurba,RU,63.2842,118.3319,-30.35,100,87,2.64,overcast clouds
231,Hambantota,LK,6.1241,81.1185,75.65,86,100,5.55,overcast clouds
232,Kitui,KE,-1.367,38.0106,65.3,90,94,0.85,light rain
233,Havre,FR,49.5833,0.3333,49.77,93,0,9.22,clear sky
234,Ribeira Brava,PT,32.65,-17.0667,69.71,76,100,1.43,overcast clouds
235,Vangaindrano,MG,-23.35,47.6,70.83,91,100,6.46,light rain
236,Tsiroanomandidy,MG,-18.7667,46.0333,68.83,83,95,0.96,light rain
237,Aktau,KZ,43.65,51.2,45.18,62,97,20.74,overcast clouds
238,Adrar,MR,20.5022,-10.0711,79.88,21,94,9.73,overcast clouds
239,Wuzhou,CN,23.4833,111.3167,66.52,67,94,3.04,overcast clouds
240,Ust-Maya,RU,60.4167,134.5333,-16.47,96,100,6.46,overcast clouds
241,Svetlyy,RU,54.675,20.1347,44.65,90,48,7.45,scattered clouds
242,Lerik,AZ,38.7726,48.4128,40.64,84,59,1.07,light rain
243,Nikolskoye,RU,59.7035,30.7861,33.8,98,100,5.66,light snow
244,Bubaque,GW,11.2833,-15.8333,83.53,70,70,13.67,broken clouds
245,Wajir,KE,1.7471,40.0573,78.85,72,41,15.59,scattered clouds
246,Anloga,GH,5.7947,0.8973,81.5,77,15,11.07,few clouds
247,Qasigiannguit,GL,68.8193,-51.1922,28.65,90,95,9.01,overcast clouds
248,Energetik,RU,51.7445,58.7934,26.13,80,100,16.22,overcast clouds
249,Norman Wells,CA,65.282,-126.8329,26.69,97,100,5.01,light snow
250,Kirakira,SB,-10.4544,161.9205,85.06,67,40,4.9,scattered clouds
251,Mashhad,IR,36.297,59.6062,42.94,61,0,0.0,clear sky
252,Luderitz,NA,-26.6481,15.1594,59.67,95,2,8.32,clear sky
253,Borzya,RU,50.3833,116.5167,5.02,94,40,3.49,scattered clouds
254,Caxito,AO,-8.5785,13.6643,73.74,80,40,2.98,scattered clouds
255,Umm Kaddadah,SD,13.6017,26.6876,68.81,21,0,12.35,clear sky
256,Fairbanks,US,64.8378,-147.7164,28.6,91,100,5.75,light snow
257,Lagoa,PT,39.05,-27.9833,62.62,77,42,14.76,scattered clouds
258,Takoradi,GH,4.8845,-1.7554,78.66,85,100,8.93,light rain
259,Stuttgart,DE,48.7823,9.177,52.02,92,0,1.14,clear sky
260,Santa Vitoria Do Palmar,BR,-33.5189,-53.3681,60.71,95,85,12.26,overcast clouds
261,Taoudenni,ML,22.6783,-3.9836,78.85,14,100,11.52,overcast clouds
262,Tiznit,MA,29.5833,-9.5,68.76,24,28,5.06,scattered clouds
263,Kihei,US,20.785,-156.4656,86.02,65,40,20.71,scattered clouds
264,Qeshm,IR,26.9581,56.2719,78.67,65,0,8.32,clear sky
265,Alta Floresta,BR,-9.8756,-56.0861,71.47,94,90,7.7,overcast clouds
266,Boshnyakovo,RU,49.6333,142.1667,24.22,74,97,4.47,overcast clouds
267,Thompson,CA,55.7435,-97.8558,8.98,97,71,3.2,broken clouds
268,Abu Samrah,SY,35.3029,37.1841,62.26,56,9,4.34,clear sky
269,Yinchuan,CN,38.4681,106.2731,38.34,33,0,2.71,clear sky
270,Gurupa,BR,-1.405,-51.64,79.38,78,47,5.44,scattered clouds
271,Pafos,CY,34.7667,32.4167,56.98,54,0,9.22,clear sky
272,Honiara,SB,-9.4333,159.95,84.72,71,55,3.71,broken clouds
273,Toora-Khem,RU,52.4675,96.11,13.91,92,98,2.3,overcast clouds
274,Oranjemund,NA,-28.55,16.4333,60.6,92,34,4.52,scattered clouds
275,Asau,RO,46.4333,26.4,40.28,89,52,2.42,broken clouds
276,Batuan,PH,9.7808,124.1484,75.78,90,100,4.25,overcast clouds
277,Souillac,MU,-20.5167,57.5167,71.06,63,87,15.32,overcast clouds
278,Menongue,AO,-14.6585,17.691,65.89,73,75,5.12,broken clouds
279,College,US,64.8569,-147.8028,28.58,91,100,5.75,light snow
280,De Aar,ZA,-30.6497,24.0123,68.36,26,76,7.02,broken clouds
281,Sitka,US,57.0531,-135.33,46.29,76,100,17.27,moderate rain
282,Saint-Louis,SN,16.3333,-15.0,85.41,16,62,8.61,broken clouds
283,Hue,VN,16.4667,107.6,77.11,94,75,1.14,broken clouds
284,Nouadhibou,MR,20.931,-17.0347,70.34,70,0,13.35,clear sky
285,Iqaluit,CA,63.7506,-68.5145,1.49,96,70,12.08,broken clouds
286,Urucui,BR,-7.2294,-44.5561,82.36,61,82,4.65,broken clouds
287,Mandera,KE,3.9366,41.867,79.75,63,2,8.61,clear sky
288,Sistranda,NO,63.7256,8.834,44.56,87,100,18.75,overcast clouds
289,Siniscola,IT,40.5719,9.6922,54.95,84,93,4.94,light rain
290,Mount Gambier,AU,-37.8333,140.7667,50.41,68,94,11.61,overcast clouds
291,Maumere,ID,-8.6199,122.2111,82.54,78,57,3.09,broken clouds
292,Te Anau,NZ,-45.4167,167.7167,66.85,43,100,8.05,light rain
293,Springbok,ZA,-29.6643,17.8865,58.68,46,61,2.95,broken clouds
294,Huilong,CN,31.8111,121.655,48.92,63,69,6.62,broken clouds
295,Acari,PE,-15.4311,-74.6158,69.08,72,3,5.64,clear sky
296,Kruisfontein,ZA,-34.0033,24.7314,63.88,80,83,6.87,broken clouds
297,Isangel,VU,-19.55,169.2667,81.41,64,1,7.11,clear sky
298,Gimli,CA,50.6336,-96.9907,24.42,76,100,7.34,overcast clouds
299,Inuvik,CA,68.3499,-133.7218,18.36,93,100,13.8,light snow
300,Tikhvin,RU,59.6451,33.5294,31.21,89,100,5.17,overcast clouds
301,Mana,GF,5.6592,-53.7767,79.32,86,33,12.19,scattered clouds
302,Portland,US,45.5234,-122.6762,57.56,52,20,20.71,few clouds
303,Gunjur,GM,13.2019,-16.7339,80.56,70,89,10.74,overcast clouds
304,Hare Bay,CA,48.8499,-54.0148,36.19,82,95,13.44,overcast clouds
305,Alyangula,AU,-13.8483,136.4192,83.3,70,95,2.19,overcast clouds
306,Cayenne,GF,4.9333,-52.3333,80.64,83,0,8.05,clear sky
307,Mbuji-Mayi,CD,-6.15,23.6,69.42,97,95,2.35,moderate rain
308,San Cristobal,VE,7.7669,-72.225,71.78,92,51,1.34,broken clouds
309,Dauriya,RU,49.9333,116.8667,3.63,92,38,3.87,scattered clouds
310,Columbus,US,39.9612,-82.9988,38.8,64,20,6.91,few clouds
311,Hamilton,US,39.1834,-84.5333,40.87,64,0,4.61,clear sky
312,Kaputa,ZM,-8.4689,29.6619,68.72,87,79,2.89,light rain
313,Walvis Bay,NA,-22.9575,14.5053,60.1,90,0,4.38,clear sky
314,Shediac,CA,46.2198,-64.5411,35.1,78,74,15.75,broken clouds
315,Rudnichnyy,RU,59.617,52.4703,15.98,85,100,10.65,overcast clouds
316,Cabo San Lucas,MX,22.8909,-109.9124,82.62,70,21,11.05,few clouds
317,Lexington,US,37.9887,-84.4777,42.12,63,0,4.61,clear sky
318,Otane,NZ,-39.8833,176.6333,64.0,50,1,6.15,clear sky
319,Hammerfest,NO,70.6634,23.6821,37.85,70,75,5.75,broken clouds
320,Igrim,RU,63.1906,64.4162,0.07,87,100,11.07,overcast clouds
321,Drayton Valley,CA,53.2168,-114.9854,30.15,99,50,2.37,scattered clouds
322,Manaus,BR,-3.1019,-60.025,86.49,70,0,5.75,clear sky
323,Mareeba,AU,-17.0,145.4333,84.43,62,75,2.91,broken clouds
324,Atikokan,CA,48.7555,-91.6216,23.22,88,100,8.61,overcast clouds
325,Severo-Kurilsk,RU,50.6789,156.125,34.12,93,99,20.11,light snow
326,Namatanai,PG,-3.6667,152.4333,83.62,67,94,7.4,overcast clouds
327,Vertientes,CU,21.2594,-78.1464,79.41,77,72,11.79,broken clouds
328,Tautira,PF,-17.7333,-149.15,77.92,80,81,6.64,light rain
329,Hay River,CA,60.8156,-115.7999,30.96,79,48,13.27,scattered clouds
330,Smolenka,RU,52.1352,113.4974,17.67,73,56,6.71,broken clouds
331,Luau,AO,-10.7073,22.2247,62.85,95,82,1.68,broken clouds
332,Saint George,US,37.1041,-113.5841,55.44,33,0,4.0,clear sky
333,Cowra,AU,-33.8333,148.6833,57.49,71,82,9.33,broken clouds
334,Monroe,US,43.1501,-77.6831,37.49,61,100,5.75,overcast clouds
335,Abha,SA,18.2164,42.5053,53.85,94,16,0.0,few clouds
336,Georgetown,MY,5.4112,100.3354,76.95,97,40,3.44,moderate rain
337,Corn Island,NI,12.1694,-83.0418,82.69,78,98,19.62,overcast clouds
338,Grindavik,IS,63.8424,-22.4338,43.27,87,40,12.66,scattered clouds
339,Haines Junction,CA,60.7522,-137.5108,35.29,99,92,1.86,snow
340,Buncrana,IE,55.1333,-7.45,50.14,86,68,27.04,moderate rain
341,Lavrentiya,RU,65.5833,-171.0,19.56,81,84,6.76,broken clouds
342,Kununurra,AU,-15.7667,128.7333,82.38,78,56,2.3,broken clouds
343,Blackwater,AU,-23.5833,148.8833,82.58,34,0,9.37,clear sky
344,Pevek,RU,69.7008,170.3133,-7.58,100,100,1.59,overcast clouds
345,Najran,SA,17.4924,44.1277,60.15,40,0,0.92,clear sky
346,Paamiut,GL,61.994,-49.6678,29.12,87,98,14.0,overcast clouds
347,Mandalgovi,MN,45.7625,106.2708,25.65,38,6,8.72,clear sky
348,Makakilo City,US,21.3469,-158.0858,82.72,55,20,14.97,few clouds
349,Ancud,CL,-41.8697,-73.8203,54.07,98,99,14.45,light rain
350,Presidencia Roque Saenz Pena,AR,-26.7852,-60.4388,72.5,26,0,3.65,clear sky
351,Nola,IT,40.922,14.5329,59.92,93,35,3.11,scattered clouds
352,Khandyga,RU,62.6667,135.6,-16.69,98,100,4.88,overcast clouds
353,Simbahan,PH,6.3032,120.5836,82.63,77,100,4.03,overcast clouds
354,Jinji,CN,23.2281,110.8261,69.44,64,98,3.62,overcast clouds
355,Virginia Beach,US,36.8529,-75.978,47.01,72,75,0.0,broken clouds
356,Kavali,IN,14.9167,79.9833,75.83,83,100,4.18,overcast clouds
357,Kutum,SD,14.2,24.6667,62.55,23,4,9.37,clear sky
358,Iranshahr,IR,27.2025,60.6848,69.39,40,0,3.69,clear sky
359,Denia,ES,38.8408,0.1057,70.84,57,96,5.99,overcast clouds
360,Lubana,LV,56.9,26.7167,33.1,95,12,4.94,few clouds
361,Tomatlan,MX,19.9333,-105.25,80.8,68,88,4.56,overcast clouds
362,Viedma,AR,-40.8135,-62.9967,68.23,35,62,7.83,broken clouds
363,Chabahar,IR,25.2919,60.643,78.44,72,0,1.19,clear sky
364,Estelle,US,29.8458,-90.1067,64.4,73,75,12.66,broken clouds
365,Meulaboh,ID,4.1363,96.1285,74.55,93,100,5.14,overcast clouds
366,Ambilobe,MG,-13.2,49.05,72.36,86,36,3.02,scattered clouds
367,Tonstad,NO,58.6626,6.7169,49.21,88,100,16.93,overcast clouds
368,Diadema,BR,-23.6861,-46.6228,78.84,68,0,4.61,clear sky
369,Troy,US,42.6056,-83.1499,38.57,62,53,1.99,broken clouds
370,Kieta,PG,-6.2167,155.6333,83.82,66,95,4.94,overcast clouds
371,Puerto Del Rosario,ES,28.5004,-13.8627,74.95,27,0,5.75,clear sky
372,Sawakin,SD,19.1059,37.3321,83.34,67,6,4.52,clear sky
373,Nyakahanga,TZ,-1.6033,31.1414,59.13,92,84,1.63,broken clouds
374,Suining,CN,30.508,105.5733,49.75,89,5,2.93,clear sky
375,Xapuri,BR,-10.6517,-68.5044,75.18,95,94,2.86,overcast clouds
376,Pontes E Lacerda,BR,-15.2261,-59.3353,75.4,82,87,4.88,overcast clouds
377,Novaya Ladoga,RU,60.1025,32.3019,35.13,92,100,8.66,overcast clouds
378,Ribeira Grande,PT,38.5167,-28.7,63.77,82,81,4.0,broken clouds
379,Lastoursville,GA,-0.8143,12.7287,71.01,99,77,1.48,broken clouds
380,Gravdal,NO,68.1214,13.5031,35.49,93,0,6.91,clear sky
381,Nara,JP,34.6851,135.8049,50.92,71,21,2.59,few clouds
382,Kahului,US,20.8947,-156.47,86.02,63,40,20.71,scattered clouds
383,Sao Joao Da Barra,BR,-21.6403,-41.0511,78.89,90,98,25.23,overcast clouds
384,Along,IN,28.1667,94.7667,55.27,69,65,1.1,broken clouds
385,Sterlitamak,RU,53.6246,55.9502,23.56,92,100,15.23,light snow
386,Kati,ML,12.7441,-8.0726,76.41,59,96,0.81,overcast clouds
387,Harlingen,US,26.1906,-97.6961,84.29,78,0,10.36,clear sky
388,Havre-Saint-Pierre,CA,50.2334,-63.5986,27.3,75,100,13.91,overcast clouds
389,Kalmunai,LK,7.4167,81.8167,76.14,85,100,3.09,overcast clouds
390,Marystown,CA,47.1666,-55.1483,41.47,76,95,33.11,overcast clouds
391,Salalah,OM,17.0151,54.0924,73.49,56,0,3.44,clear sky
392,Plettenberg Bay,ZA,-34.0527,23.3716,71.96,47,89,9.01,overcast clouds
393,Shache,CN,38.4167,77.2406,35.55,38,1,2.53,clear sky
394,Sola,VU,-13.8833,167.55,80.67,70,0,2.24,clear sky
395,Lesnoy,RU,57.6198,63.0784,15.8,91,100,13.73,overcast clouds
396,Zaozerne,UA,45.1582,33.2787,44.74,74,95,11.86,overcast clouds
397,Steinfurt,DE,52.1505,7.3366,47.89,87,35,8.68,scattered clouds
398,Bathsheba,BB,13.2167,-59.5167,83.01,78,40,24.16,scattered clouds
399,Forbesganj,IN,26.3,87.25,63.46,60,0,4.36,clear sky
400,Port Macquarie,AU,-31.4333,152.9167,77.9,44,0,2.28,clear sky
401,Camacha,PT,33.0833,-16.3333,63.82,88,20,2.3,few clouds
402,New Glasgow,CA,45.5834,-62.6486,40.78,84,94,16.17,light rain
403,Tuzha,RU,57.6062,47.936,23.05,71,100,13.58,overcast clouds
404,Lulea,SE,65.5842,22.1547,26.67,93,12,9.22,few clouds
405,Rio Gallegos,AR,-51.6226,-69.2181,66.38,34,80,19.19,broken clouds
406,Barbacena,BR,-21.2258,-43.7736,64.29,95,100,4.47,overcast clouds
407,Quesnel,CA,52.9999,-122.5029,23.5,93,100,3.44,mist
408,Armidale,AU,-30.5167,151.65,60.37,56,1,7.47,clear sky
409,Yumen,CN,40.2833,97.2,34.75,24,91,17.96,overcast clouds
410,Ibotirama,BR,-12.1853,-43.2206,75.42,79,79,3.83,broken clouds
411,Coahuayana,MX,18.7333,-103.6833,82.92,69,86,4.97,overcast clouds
412,Ballina,AU,-28.8667,153.5667,78.78,56,0,5.93,clear sky
413,Xiaoshi,CN,41.2971,124.1209,32.68,76,23,2.75,few clouds
414,Waipawa,NZ,-41.4122,175.5153,67.44,55,0,8.08,clear sky
415,Flinders,AU,-34.5833,150.8552,70.38,69,10,3.0,clear sky
416,Inhambane,MZ,-23.865,35.3833,73.71,69,95,14.72,overcast clouds
417,Mazara Del Vallo,IT,37.6641,12.588,60.93,71,10,3.98,clear sky
418,Algeciras,ES,36.1333,-5.4505,64.08,77,40,5.75,scattered clouds
419,Anadyr,RU,64.75,177.4833,28.9,80,0,15.66,clear sky
420,Ngunguru,NZ,-35.6167,174.5,62.15,91,66,15.26,broken clouds
421,Port Blair,IN,11.6667,92.75,79.86,83,100,8.72,overcast clouds
422,Kaitangata,NZ,-46.2817,169.8464,67.37,55,90,5.55,overcast clouds
423,Gamba,GA,-2.65,10.0,75.6,87,99,6.24,overcast clouds
424,Grand Gaube,MU,-20.0064,57.6608,71.38,63,34,7.0,scattered clouds
425,Sembakung,ID,3.8167,117.25,74.79,92,100,1.88,overcast clouds
426,Permatang Kuching,MY,5.4634,100.3814,76.95,98,98,5.82,overcast clouds
427,Homer,US,59.6425,-151.5483,42.76,75,0,5.75,clear sky
428,Alofi,NU,-19.0595,-169.9187,76.89,22,100,9.22,light intensity drizzle
429,Wanganui,NZ,-39.9333,175.05,66.6,76,3,8.01,clear sky
430,Sobolevo,RU,54.4299,31.8996,31.08,82,53,4.83,broken clouds
431,Kashi,CN,39.4547,75.9797,35.38,47,7,1.97,clear sky
432,Puerto Escondido,MX,15.85,-97.0667,86.83,51,40,3.44,scattered clouds
433,Kroya,ID,-7.6331,109.2461,76.93,91,100,3.83,overcast clouds
434,Tymovskoye,RU,50.8456,142.655,17.98,89,93,3.36,overcast clouds
435,Labrea,BR,-7.2586,-64.7981,74.41,97,99,1.9,overcast clouds
436,Eyl,SO,7.9803,49.8164,77.5,75,83,11.74,broken clouds
437,Khasan,RU,42.4308,130.6434,35.62,63,89,11.34,overcast clouds
438,Tobol,KZ,52.6844,62.5794,23.32,94,100,16.08,light snow
439,Omurtag,BG,43.1,26.4167,39.74,89,100,2.62,overcast clouds
440,Lorengau,PG,-2.0226,147.2712,84.47,71,98,7.56,overcast clouds
441,Ranong,TH,9.9658,98.6348,76.91,91,100,5.64,overcast clouds
442,Banda Aceh,ID,5.5577,95.3222,77.68,83,100,6.96,light rain
443,Fort Nelson,CA,58.8053,-122.7002,33.94,78,76,1.45,broken clouds
444,Bergen,NO,60.392,5.328,48.07,98,75,2.3,broken clouds
445,Sept-Iles,CA,50.2001,-66.3821,27.05,81,99,5.99,overcast clouds
446,Aasiaat,GL,68.7098,-52.8699,21.83,95,100,5.35,overcast clouds
447,Ormara,PK,25.2088,64.6357,79.21,70,0,6.98,clear sky
448,Novyy Urengoy,RU,66.0833,76.6333,-9.63,84,100,10.96,overcast clouds
449,Chimore,BO,-16.9833,-65.1333,73.87,96,81,1.66,broken clouds
450,Huarmey,PE,-10.0681,-78.1522,66.47,78,49,7.47,scattered clouds
451,Walcourt,BE,50.2539,4.4352,51.93,95,100,10.36,overcast clouds
452,Bayburt,TR,40.2589,40.2278,31.57,90,12,1.34,few clouds
453,Axim,GH,4.8699,-2.2405,77.94,87,100,6.71,light rain
454,Port Shepstone,ZA,-30.7414,30.455,67.17,79,55,10.0,broken clouds
455,Saint Anthony,US,45.0205,-93.218,30.65,90,100,8.05,mist
456,Hilpoltstein,DE,49.19,11.1886,41.92,99,37,5.37,scattered clouds
457,Prince Rupert,CA,54.3161,-130.3201,41.09,93,75,4.61,broken clouds
458,Cap-Aux-Meules,CA,47.3821,-61.8597,37.54,72,99,39.01,overcast clouds
459,Kidal,ML,18.4411,1.4078,73.47,17,50,11.48,scattered clouds
460,Mackay,AU,-21.15,149.2,88.68,67,52,5.77,broken clouds
461,Sosnovo,RU,60.5514,30.2144,36.7,97,100,5.86,light rain
462,Bandipur,NP,27.9333,84.4167,49.12,79,0,2.39,clear sky
463,Whakatane,NZ,-37.9585,176.9854,72.88,71,57,0.51,broken clouds
464,Pacific Grove,US,36.6177,-121.9166,62.02,71,0,8.01,clear sky
465,Deming,US,32.2687,-107.7586,57.09,15,0,13.8,clear sky
466,Roma,US,43.2128,-75.4557,35.82,62,100,6.91,overcast clouds
467,Wanaka,NZ,-44.7,169.15,65.84,51,80,7.47,broken clouds
468,Maldonado,UY,-34.6667,-54.9167,65.59,92,100,16.51,overcast clouds
469,Richmond,US,37.5538,-77.4603,43.66,67,75,8.05,broken clouds
470,Narsaq,GL,60.9167,-46.05,39.42,80,99,4.59,overcast clouds
471,Nizhniy Kuranakh,RU,58.8353,125.4869,-30.62,100,72,1.63,broken clouds
472,Ponta Do Sol,PT,32.6667,-17.1,69.71,77,100,1.74,overcast clouds
473,Puerto Quijarro,BO,-17.7833,-57.7667,70.61,96,100,4.05,overcast clouds
474,Masuguru,TZ,-11.3667,38.4167,76.21,66,59,5.26,broken clouds
475,Basiad,PH,14.1562,122.3375,80.37,87,100,11.74,moderate rain
476,Mitchell,US,43.7094,-98.0298,25.74,74,0,10.36,clear sky
477,Redlands,US,34.0556,-117.1825,70.72,25,0,5.75,clear sky
478,Beyneu,KZ,45.3167,55.2,39.67,71,96,20.49,overcast clouds
479,Praya,CV,14.9215,-23.5087,75.74,73,40,13.8,scattered clouds
480,Husavik,IS,66.0449,-17.3389,42.01,92,100,8.3,overcast clouds
481,Tura,IN,25.5198,90.2201,60.24,88,0,3.74,clear sky
482,Port Hedland,AU,-20.3167,118.5667,75.25,83,40,5.75,light rain
483,Hegang,CN,47.4,130.3667,22.17,47,87,2.01,overcast clouds
484,Jiutai,CN,44.1525,125.8328,19.06,95,5,4.5,clear sky
485,Esso,RU,55.9333,158.7,25.27,93,100,5.61,snow
486,Sicamous,CA,50.8331,-118.9856,35.19,85,26,2.3,scattered clouds
487,Zhigansk,RU,66.7697,123.3711,-32.78,100,50,1.63,scattered clouds
488,Savinka,RU,50.0785,47.0994,27.3,59,3,13.18,clear sky
489,Faya,SA,18.3851,42.4509,54.12,74,9,2.17,clear sky
490,Tabou,CI,4.423,-7.3528,78.15,84,100,6.13,overcast clouds
491,Vila Franca Do Campo,PT,37.7167,-25.4333,66.61,95,90,7.07,overcast clouds
492,Turochak,RU,52.2576,87.1224,32.23,86,100,3.29,overcast clouds
493,Maple Creek,CA,49.9168,-109.4848,25.83,95,100,13.44,light snow
494,Yatou,CN,37.15,122.3833,42.15,57,0,5.55,clear sky
495,Bushehr,IR,28.9684,50.8385,76.19,39,0,9.64,clear sky
496,Umea,SE,63.8284,20.2597,31.93,100,0,5.75,clear sky
497,Megion,RU,61.0296,76.1136,8.62,93,100,15.79,light snow
498,Araxa,BR,-19.5933,-46.9406,66.04,88,98,4.21,overcast clouds
499,Constantine,DZ,36.365,6.6147,53.01,66,20,2.3,few clouds
500,Yar-Sale,RU,66.8333,70.8333,-4.02,92,91,8.14,overcast clouds
501,Vyshneve,UA,50.3891,30.3705,39.16,90,100,4.36,overcast clouds
502,Mindelo,CV,16.8901,-24.9804,76.55,69,40,19.57,scattered clouds
503,Beauchamps,FR,50.012,1.5176,51.31,88,97,13.78,overcast clouds
504,Muros,ES,42.7762,-9.0603,62.83,79,100,24.29,overcast clouds
505,Sorland,NO,67.667,12.6934,42.66,68,6,15.55,clear sky
506,Shelburne,CA,44.0787,-80.2041,28.9,73,100,2.68,overcast clouds
507,Oxford,GB,51.7522,-1.256,49.17,94,20,5.75,few clouds
508,Aviles,ES,43.5547,-5.9248,58.37,78,0,5.75,clear sky
509,Camopi,GF,3.1655,-52.3158,76.95,82,76,5.35,broken clouds
510,Zaoyang,CN,32.1272,112.7542,45.07,83,10,5.14,clear sky
511,Raga,SS,8.4596,25.678,72.23,29,60,3.4,broken clouds
512,Churachandpur,IN,24.3333,93.6667,51.76,97,4,1.72,clear sky
513,Erenhot,CN,43.6475,111.9767,24.46,60,8,7.85,clear sky
514,Bireun,ID,5.203,96.7009,76.66,87,100,3.89,light rain
515,Eydhafushi,MV,5.1033,73.0708,80.8,79,100,13.4,overcast clouds
516,Xining,CN,36.6167,101.7667,32.32,62,80,2.08,broken clouds
517,Tuatapere,NZ,-46.1333,167.6833,64.08,57,100,7.92,light rain
518,Tevaitoa,PF,-16.7833,-151.5,78.57,79,99,8.95,overcast clouds
519,Wanning,CN,18.8003,110.3967,75.85,92,49,6.53,scattered clouds
520,Omsukchan,RU,62.5333,155.8,-9.42,78,16,3.13,few clouds
521,Madera,US,37.1666,-119.8343,64.53,46,0,3.0,clear sky
522,Filingue,NE,14.3521,3.3168,76.37,14,5,10.65,clear sky
523,Dalvik,IS,65.9702,-18.5286,41.76,85,100,9.93,light rain
524,Mersing,MY,2.4312,103.8405,76.06,90,100,4.79,light rain
525,Quatre Cocos,MU,-20.2078,57.7625,71.1,63,77,16.06,broken clouds
526,Xai-Xai,MZ,-25.0519,33.6442,71.24,68,44,11.83,scattered clouds
527,Aranos,NA,-24.1333,19.1167,74.93,17,0,10.8,clear sky
528,Las Vegas,US,36.175,-115.1372,60.24,26,0,9.22,clear sky
529,Karpinsk,RU,59.7654,60.0085,5.9,89,100,12.41,overcast clouds
530,Aksarka,RU,66.5606,67.7975,-4.22,95,94,7.05,overcast clouds
531,Praia Da Vitoria,PT,38.7333,-27.0667,63.75,88,53,14.83,broken clouds
532,Aksarayskiy,RU,46.7924,48.0119,34.23,60,30,13.0,scattered clouds
533,Mehamn,NO,71.0357,27.8492,39.15,70,100,20.71,overcast clouds
534,Norsup,VU,-16.0667,167.3833,83.39,68,3,0.96,clear sky
535,Saurimo,AO,-9.6608,20.3916,62.98,98,95,0.45,overcast clouds
536,Bereda,ES,43.2686,-7.5406,55.58,85,100,12.55,overcast clouds
537,Taitung,TW,22.7583,121.1444,71.87,94,75,2.3,broken clouds
538,Yanam,IN,16.7333,82.2167,70.45,82,51,3.62,broken clouds
539,Hualmay,PE,-11.0964,-77.6139,65.35,80,16,8.48,few clouds
540,Salinopolis,BR,-0.6136,-47.3561,79.77,81,54,11.83,broken clouds
541,Balakhninskiy,RU,58.0106,114.2769,12.02,96,100,4.18,light snow
542,Severo-Yeniseyskiy,RU,60.3725,93.0408,-3.86,99,100,3.76,overcast clouds
543,Dondo,MZ,-19.6094,34.7431,71.13,96,100,6.04,light rain
544,Chamrajnagar,IN,11.9167,76.95,65.84,94,86,2.73,overcast clouds
545,Khani,GE,41.9563,42.9566,45.03,97,96,1.81,overcast clouds
546,Saint-Pierre,RE,-21.3393,55.4781,70.92,64,0,9.22,clear sky
547,Sembe,CG,1.6481,14.5806,72.93,85,78,0.6,broken clouds
548,Marrakesh,MA,31.6315,-8.0083,68.07,37,20,2.3,few clouds
549,Azul,AR,-36.777,-59.8585,62.08,51,2,9.86,clear sky
550,Beloha,MG,-25.1667,45.05,74.75,81,100,5.26,overcast clouds
551,Unity,CA,52.4501,-109.1682,16.95,97,95,6.04,overcast clouds
552,Cockburn Town,TC,21.4612,-71.1419,81.09,75,0,13.13,clear sky
553,Mitu,CO,1.1983,-70.1733,80.06,75,100,2.75,overcast clouds
554,Sambava,MG,-14.2667,50.1667,72.07,89,38,5.99,light rain
555,Igarka,RU,67.4667,86.5833,-25.4,92,9,5.7,clear sky
556,Trinidad,BO,-14.8333,-64.9,80.89,71,96,2.8,moderate rain
557,Kaeo,NZ,-35.1,173.7833,70.32,92,55,10.25,broken clouds
558,Strezhevoy,RU,60.7333,77.5889,16.27,93,100,12.71,light snow
559,Townsville,AU,-19.25,146.8,81.48,69,40,8.05,scattered clouds
560,Witu,KE,-2.3889,40.4382,78.96,86,98,2.98,overcast clouds
561,Kavaratti,IN,10.5669,72.642,79.61,80,86,8.72,overcast clouds
562,Rio Grande,BR,-32.035,-52.0986,64.51,82,32,17.0,scattered clouds
563,Manggar,ID,-2.8833,108.2667,79.16,85,100,3.76,overcast clouds
564,Talnakh,RU,69.4865,88.3972,-23.78,88,24,4.18,few clouds
565,Westport,US,41.1415,-73.3579,43.83,55,0,4.61,clear sky
566,Ulladulla,AU,-35.35,150.4667,62.87,61,59,6.93,broken clouds
567,Boyabat,TR,41.4689,34.7667,43.99,91,49,0.6,scattered clouds
568,Kawalu,ID,-7.3817,108.2082,73.02,97,99,0.81,overcast clouds
569,Chauk,MM,20.8833,94.8167,67.51,72,11,5.1,few clouds
570,Dunedin,NZ,-45.8742,170.5036,63.81,72,99,5.01,overcast clouds
571,Twentynine Palms,US,34.1356,-116.0542,65.97,20,0,5.59,clear sky
572,Jawa,JO,31.8525,35.9393,59.31,88,20,5.75,mist
573,Altagracia De Orituco,VE,9.8601,-66.3814,72.84,95,100,4.16,overcast clouds
574,Kimry,RU,56.8667,37.35,27.0,82,24,4.25,few clouds
575,Shitanjing,CN,39.2342,106.3439,32.63,34,0,2.06,clear sky
576,Torit,SS,4.4133,32.5678,72.03,76,99,3.13,overcast clouds
577,Tateyama,JP,34.9833,139.8667,54.1,94,75,9.22,broken clouds
578,Vanimo,PG,-2.6741,141.3028,76.24,94,100,2.98,very heavy rain
579,Kiama,AU,-34.6833,150.8667,70.57,68,21,3.0,few clouds
580,Likhoslavl,RU,57.1275,35.464,28.81,81,70,3.38,broken clouds
581,Vanavara,RU,60.34,102.2797,-9.76,91,19,5.73,few clouds
582,Kabwe,ZM,-14.4469,28.4464,65.77,92,100,5.21,overcast clouds
583,New London,US,41.4834,-72.0662,41.72,52,0,4.61,clear sky
584,Numata,JP,36.6333,139.05,46.38,79,100,0.85,overcast clouds
585,Calvinia,ZA,-31.4707,19.776,64.38,33,54,4.43,broken clouds
586,Nuuk,GL,64.1835,-51.7216,27.21,100,100,3.44,overcast clouds
587,Porvoo,FI,60.3923,25.6651,44.24,96,100,12.19,light rain
588,Jalu,LY,29.0331,21.5482,60.21,40,0,3.53,clear sky
589,Peachland,CA,49.7665,-119.7357,36.68,80,95,3.13,overcast clouds
590,Brightwater,NZ,-41.3833,173.1167,72.55,46,13,5.7,few clouds
591,Honningsvag,NO,70.9821,25.9704,38.95,70,40,18.41,scattered clouds
592,Nizhniy Tsasuchey,RU,50.5167,115.1333,13.1,84,76,4.68,broken clouds
593,Lake City,US,30.1897,-82.6393,65.62,77,100,4.61,overcast clouds
594,Buchanan,LR,5.8808,-10.0467,78.22,87,72,10.25,moderate rain
595,Cortez,US,37.3489,-108.5859,41.76,37,0,13.8,clear sky
596,Poshekhonye,RU,58.4993,39.1353,28.26,79,7,6.76,clear sky
597,Linhares,BR,-19.3911,-40.0722,75.79,85,53,8.93,light rain
598,Kedrovyy,RU,56.1667,91.8167,35.87,74,100,11.23,overcast clouds
599,Malkara,TR,40.89,26.9011,44.26,90,100,5.93,overcast clouds
600,Port Hardy,CA,50.6996,-127.4199,44.67,81,4,3.49,clear sky
601,Koppal,IN,15.35,76.15,73.02,78,63,8.3,broken clouds
602,Mangochi,MW,-14.4782,35.2645,75.25,75,100,10.4,overcast clouds
603,Urumqi,CN,43.801,87.6005,25.75,93,5,2.24,smoke
604,Jurm,AF,36.8648,70.8342,35.1,56,4,6.64,clear sky
605,Renukut,IN,24.2,83.0333,58.21,60,0,3.98,clear sky
606,Port Hawkesbury,CA,45.6169,-61.3485,40.12,80,100,23.02,overcast clouds
607,Gangapur,IN,26.4833,76.7167,67.12,43,0,3.47,clear sky
608,Porto Novo,BJ,6.4965,2.6036,79.02,84,8,4.79,clear sky
609,Seabra,BR,-12.4186,-41.7703,71.53,61,72,1.9,broken clouds
610,Wellington,NZ,-41.2866,174.7756,71.26,64,0,12.66,clear sky
611,Moindou,NC,-21.6924,165.677,78.62,65,15,5.48,few clouds
612,Atambua,ID,-9.1061,124.8925,79.72,73,75,1.16,broken clouds
613,Marfino,RU,55.7028,37.3822,31.95,62,75,6.71,broken clouds
614,Xuddur,SO,4.1213,43.8894,71.17,83,7,9.19,clear sky
615,Black River,JM,18.0264,-77.8487,80.1,76,6,0.25,clear sky
616,Viransehir,TR,37.2353,39.7631,55.54,45,0,4.12,clear sky
617,Takhtamygda,RU,54.1,123.5667,8.98,97,100,1.16,overcast clouds
618,Mecca,SA,21.4267,39.8261,77.97,73,3,4.32,clear sky
619,Zwedru,LR,6.0667,-8.1281,71.92,97,78,2.95,broken clouds
620,Deloraine,AU,-41.5333,146.6667,53.35,55,96,8.25,overcast clouds
621,Visnagar,IN,23.7,72.55,68.0,44,0,5.06,clear sky
622,Sorong,ID,-0.8833,131.25,80.11,85,87,5.48,overcast clouds
623,Tanout,NE,14.9709,8.8879,69.31,18,8,10.67,clear sky
624,Turbat,PK,26.0023,63.044,74.71,27,0,6.33,clear sky
625,Thinadhoo,MV,0.5333,72.9333,81.97,77,100,15.5,overcast clouds
626,Anori,BR,-3.7728,-61.6442,82.67,64,82,0.94,broken clouds
627,Bakchar,RU,57.0186,82.0711,34.38,98,100,10.18,overcast clouds
628,Xinzhou,CN,38.4092,112.7333,37.26,50,0,2.28,clear sky
629,Tabuk,PH,17.4189,121.4443,74.68,91,29,1.36,scattered clouds
630,Gorontalo,ID,0.5412,123.0595,79.05,89,97,0.98,overcast clouds
631,Diksmuide,BE,51.0333,2.8667,54.14,91,100,8.05,mist
632,Usinsk,RU,65.9939,57.5281,-1.3,86,81,8.61,broken clouds
633,Ekhabi,RU,53.5102,142.9671,22.46,85,98,7.34,overcast clouds
634,Ahtopol,BG,42.1,27.95,53.65,80,100,7.29,overcast clouds
635,Kloulklubed,PW,7.0419,134.2556,77.5,75,100,10.76,moderate rain
636,Ust-Tarka,RU,55.5672,75.705,34.34,99,100,12.77,overcast clouds
637,Shizunai,JP,42.3339,142.3669,41.79,73,72,4.29,broken clouds
638,Central Point,US,42.376,-122.9164,57.97,41,0,5.75,clear sky
639,Boyolangu,ID,-8.1181,111.8935,75.33,94,100,1.36,overcast clouds
640,Richards Bay,ZA,-28.783,32.0377,65.39,81,25,2.26,scattered clouds
641,Moerai,PF,-22.4333,-151.3333,69.73,80,94,9.15,overcast clouds
642,Weligama,LK,5.9667,80.4167,73.85,90,100,3.74,overcast clouds
643,Ilebo,CD,-4.3167,20.5833,70.29,99,100,0.81,overcast clouds
644,Novo Aripuana,BR,-5.1206,-60.3797,81.34,69,91,1.34,light rain
645,Fort Myers Beach,US,26.452,-81.9481,80.06,79,0,6.91,clear sky
646,Lima,PE,-12.0432,-77.0282,64.65,68,100,10.36,overcast clouds
647,Sahuaripa,MX,29.05,-109.2333,75.4,33,27,5.75,scattered clouds
648,Huzhou,CN,30.8703,120.0933,51.13,81,94,3.53,overcast clouds
649,Riverton,US,40.5219,-111.9391,39.29,54,0,10.36,clear sky
650,Ossora,RU,59.2353,163.0719,23.14,96,100,17.2,snow
651,Pundaguitan,PH,6.3711,126.1689,82.4,77,89,5.68,overcast clouds
652,Darhan,MN,49.4867,105.9228,23.58,63,35,7.14,scattered clouds
653,Palora,EC,-1.7,-77.9333,77.11,96,82,1.3,moderate rain
654,Belyy Yar,RU,53.6039,91.3903,33.69,78,0,6.71,clear sky
655,Kaduqli,SD,11.0167,29.7167,72.68,25,2,7.94,clear sky
656,Tazovskiy,RU,67.4667,78.7,-18.62,91,22,5.61,few clouds
657,Gagra,GE,43.3283,40.2239,45.52,72,74,2.51,broken clouds
658,Sibolga,ID,1.7427,98.7792,74.59,95,100,2.1,overcast clouds
659,Morgan City,US,29.6994,-91.2068,64.4,77,100,11.5,heavy intensity rain
660,Osypenko,UA,46.9136,36.8253,37.62,76,7,7.31,clear sky
661,Evensk,RU,61.95,159.2333,10.38,83,99,15.28,overcast clouds
662,Xinyu,CN,27.8043,114.9334,53.28,88,96,1.19,overcast clouds
663,Makat,KZ,47.6469,53.3463,31.86,66,86,19.98,overcast clouds
664,Oktyabrskiy,RU,54.4815,53.471,21.94,90,100,15.86,light snow
665,Hongjiang,CN,27.11,109.9956,50.32,92,99,2.42,overcast clouds
666,Kovdor,RU,67.5662,30.4758,24.91,99,93,2.95,overcast clouds
667,Namioka,JP,40.7072,140.5894,46.62,70,75,6.91,broken clouds
668,Havoysund,NO,70.9963,24.6622,39.43,65,100,19.06,overcast clouds
669,Arvika,SE,59.6553,12.5852,43.41,92,90,2.26,overcast clouds
670,Umm Lajj,SA,25.0213,37.2685,77.97,58,38,5.44,scattered clouds
671,Fortuna,US,40.5982,-124.1573,58.35,71,0,9.22,clear sky
672,Sioux Lookout,CA,50.1001,-91.917,19.47,93,100,4.61,overcast clouds
673,Morondava,MG,-20.2833,44.2833,76.12,85,35,7.85,light rain
674,The Valley,AI,18.217,-63.0578,81.1,89,20,10.36,few clouds
675,Gidole,ET,5.65,37.3667,56.43,76,37,1.21,scattered clouds
676,Norden,DE,53.6,7.2,44.94,97,1,12.71,clear sky
677,Emerald,AU,-23.5333,148.1667,82.35,35,13,16.4,few clouds
678,Conceicao Da Barra,BR,-18.5933,-39.7322,76.73,88,20,13.11,few clouds
679,San Quintin,MX,30.4833,-115.95,64.94,47,79,9.01,broken clouds
680,Cooma,AU,-36.2333,149.1333,53.82,47,38,7.07,scattered clouds
681,Hendek,TR,40.7994,30.7481,45.57,90,87,2.21,overcast clouds
682,Kyren,RU,51.6828,102.1408,20.3,79,78,2.19,broken clouds
683,Leningradskiy,RU,69.3833,178.4167,-1.14,95,76,5.03,broken clouds
684,Mombetsu,JP,44.3525,143.3525,35.71,69,50,5.08,scattered clouds
685,Sinjar,IQ,36.3209,41.8754,56.28,43,0,1.7,clear sky
686,Jibuti,DJ,11.5,42.5,71.1,72,0,14.58,clear sky
687,Jardim,BR,-21.4803,-56.1381,72.36,94,45,3.31,scattered clouds
688,Adamus,RO,46.3,24.2333,39.88,99,83,1.45,broken clouds
689,Yaan,NG,7.3833,8.5667,76.53,33,14,1.57,few clouds
690,Hidalgo,MX,20.5,-99.0,77.34,23,56,8.81,broken clouds
691,Varberg,SE,57.1056,12.2508,48.24,90,99,9.62,overcast clouds
692,Tessalit,ML,20.1986,1.0114,73.83,17,86,10.38,overcast clouds
693,Yashkino,RU,55.8736,85.4265,34.9,99,100,17.16,light snow
694,Cuenca,EC,-2.8833,-78.9833,66.33,45,40,5.75,scattered clouds
695,Okha,RU,53.5739,142.9478,23.79,82,92,7.76,overcast clouds
696,Tukrah,LY,32.5341,20.5791,65.05,69,2,1.9,clear sky
697,Kishtwar,IN,33.3167,75.7667,28.8,76,1,7.2,clear sky
698,Ostrovnoy,RU,68.0531,39.5131,28.72,94,98,5.68,overcast clouds
699,Altamont,US,42.2068,-121.7372,42.89,54,0,7.0,clear sky
700,Maxixe,MZ,-23.8597,35.3472,73.36,68,94,13.42,overcast clouds
701,Lake Jackson,US,29.0339,-95.4344,73.96,94,100,10.36,mist
702,Yarensk,RU,62.1675,49.0916,16.07,85,100,7.49,overcast clouds
703,Kennett,US,36.2362,-90.0556,44.74,62,100,14.0,overcast clouds
704,General Pico,AR,-35.6566,-63.7568,67.39,39,0,8.14,clear sky
705,Naliya,IN,23.2667,68.8333,75.4,80,0,6.38,clear sky
706,Road Town,VG,18.4167,-64.6167,82.49,94,40,9.22,scattered clouds
707,Russell,US,32.3502,-85.1999,54.63,62,20,4.61,few clouds
708,Bengkulu,ID,-3.8004,102.2655,74.19,90,100,5.59,light rain
709,Avera,US,33.194,-82.5271,51.39,56,70,7.29,broken clouds
710,Puerto Maldonado,PE,-12.6,-69.1833,77.4,94,0,0.0,clear sky
711,Riyadh,SA,24.6877,46.7219,69.94,34,0,8.32,clear sky
712,Fugen,AT,47.35,11.85,40.64,79,61,6.2,broken clouds
713,Semey,KZ,50.4111,80.2275,43.25,75,100,22.24,light rain
714,Corralillo,CU,22.9819,-80.5856,78.12,79,12,11.7,moderate rain
715,Gao,ML,16.6362,1.637,72.91,15,3,11.77,clear sky
716,Commerce,US,34.0006,-118.1598,74.41,38,0,9.22,clear sky
717,Pangody,RU,65.85,74.4859,-7.31,83,100,11.41,overcast clouds
718,Pingliang,CN,35.5392,106.6861,37.38,65,66,0.83,broken clouds
719,Iracoubo,GF,5.4802,-53.2011,79.56,85,23,12.08,few clouds
720,Marzuq,YE,14.4,46.4667,61.14,60,2,0.09,clear sky
721,Lubao,PH,14.9167,120.55,82.11,83,52,5.77,broken clouds
722,Solnechnyy,RU,50.7214,136.6319,16.27,82,9,2.37,clear sky
723,Kijang,KR,35.2442,129.2139,46.13,50,10,5.23,clear sky
724,Morros,BR,-9.4467,-46.3003,77.67,67,77,4.47,broken clouds
725,Doha,QA,25.2867,51.5333,78.78,61,0,4.61,clear sky
726,Barcelos,PT,41.5388,-8.6151,60.94,88,100,12.24,overcast clouds
727,Oistins,BB,13.0667,-59.5333,82.49,78,40,24.16,scattered clouds
728,Salym,RU,60.0625,71.4789,18.3,93,100,9.51,light snow
729,Rock Springs,US,41.5875,-109.2029,31.05,62,40,12.66,scattered clouds
730,Sulangan,PH,11.1373,123.7228,83.05,76,100,10.25,overcast clouds
731,Valdivia,CL,-39.8142,-73.2459,59.09,99,96,2.71,overcast clouds
732,El Alto,PE,-4.2714,-81.2147,65.86,80,56,13.98,broken clouds
733,Beruwala,LK,6.4788,79.9828,73.96,90,100,3.24,moderate rain
734,Consett,GB,54.854,-1.8316,46.22,88,15,5.79,few clouds
735,Bonavista,CA,48.6499,-53.1147,43.75,83,97,20.27,overcast clouds
736,Bagdarin,RU,54.4333,113.6,14.59,87,67,3.74,broken clouds
737,Wetter,DE,50.9,8.7167,50.88,94,53,3.71,broken clouds
738,Mercedes,AR,-34.6515,-59.4307,69.85,54,18,6.17,few clouds
739,Pochutla,MX,15.7432,-96.4661,84.02,77,35,4.25,scattered clouds
740,Benghazi,LY,32.1167,20.0667,67.59,64,0,2.42,clear sky
741,Broome,US,42.2506,-75.833,34.9,68,100,6.91,overcast clouds
742,Veselynove,UA,47.3567,31.2349,39.69,78,97,5.95,overcast clouds
743,Puyo,EC,-1.4667,-77.9833,76.24,83,40,3.44,scattered clouds
744,Ilinskiy,RU,55.619,38.1182,32.38,55,75,7.0,broken clouds
745,Duldurga,RU,50.6761,113.5931,11.44,90,34,4.65,scattered clouds
746,Kyaikkami,MM,16.08,97.5675,78.57,81,100,8.08,overcast clouds
747,Bentiu,SS,9.2333,29.8333,75.2,38,4,4.34,clear sky
748,Amet,IN,25.3,73.9333,64.83,37,0,3.56,clear sky
749,Davidson,US,36.1501,-86.7833,50.45,57,75,5.75,broken clouds
750,Manaure,CO,11.7751,-72.4445,81.86,77,76,9.19,broken clouds
751,Puerto Narino,CO,-3.7703,-70.3831,79.11,84,96,1.1,moderate rain
752,Kerema,PG,-7.9631,145.7785,80.64,80,96,4.85,overcast clouds
753,Cap Malheureux,MU,-19.9842,57.6142,71.47,63,40,7.0,scattered clouds
754,Uhlirske Janovice,CZ,49.8802,15.0648,40.8,91,4,4.85,clear sky
755,Tongchuan,CN,35.0806,109.0897,45.0,47,91,3.85,overcast clouds
756,Tavda,RU,58.0425,65.2726,18.66,94,100,11.05,light snow
